{"cameraMode":{"drawMode":0,"name":"Shaded","section":"Shading Mode"},"sceneLighting":false,"audioPlay":false,"sceneViewState":{"m_AlwaysRefresh":false,"showFog":false,"showSkybox":false,"showFlares":true,"showImageEffects":true,"showParticleSystems":true,"showVisualEffectGraphs":true,"m_FxEnabled":false},"in2DMode":false,"pivot":{"x":0.0000010728836059570313,"y":1.0960898399353028,"z":0.45644229650497439},"rotation":{"x":0.1624598354101181,"y":0.6881909966468811,"z":-0.1624598652124405,"w":0.6881909966468811},"size":2.2763352394104006,"orthographic":false}